{
  "project_info": {
    "project_number": "974630099888",
    "project_id": "task-management-e840c",
    "storage_bucket": "task-management-e840c.firebasestorage.app"
  },
  "client": [
    {
      "client_info": {
        "mobilesdk_app_id": "1:974630099888:android:2442e168de1a0d01ef1475",
        "android_client_info": {
          "package_name": "com.example.taskmanagement"
        }
      },
      "oauth_client": [],
      "api_key": [
        {
          "current_key": "AIzaSyARkeb081omBcsul9boHx2BTLK1NCpYP74"
        }
      ],
      "services": {
        "appinvite_service": {
          "other_platform_oauth_client": []
        }
      }
    }
  ],
  "configuration_version": "1"
}